recorder_folder,DATE,TIME,LON,LAT,BAT,TEMP,HUMI,FILE,GAIN,SAMPLE RATE,CHANNEL,NOTE,wav_file,birdnet_start_s,birdnet_end_s,peak_time_s,gcc_start_s,gcc_end_s,tdoa_ms,lag_samples,bearing_1_deg,bearing_2_deg,detected_by,source_file,site_id,lon_deg,lat_deg,recording_datetime,recording_start,recording_block_key,event_time,easting_m,northing_m,canonical_easting_m,canonical_northing_m,corrected_event_time,event_id,abs_tdoa_ms
Recorder 2 - 0304 to 1004,04-05-2026,19:12:03,1.91834W,50.94073N,100%,14C,45%,2_20260405_191203.wav,AGC,48kHz,stereo,Part2,2_20260405_191203.wav,555.0,558.0,557.013125,556.763125,557.263125,0.4361979166666666,20.9375,85.89876061475425,94.10123938524576,"left,right",pheasant_results_sd2.csv,2,-1.91834,50.94073,2026-04-05 19:12:03+01:00,2026-04-05 19:12:03+01:00,2026-04-05_19:12:03,2026-04-05 19:21:20.013125+01:00,405833.91696353175,115701.83032429396,405833.91696353175,115702.94238304385,2026-04-05 19:21:20.013125+01:00,0,0.4361979166666666
Recorder 6 - 0304 to 1004,04-05-2026,19:12:03,1.92448W,50.93973N,100%,10C,54%,6_20260405_191203.wav,AGC,48kHz,stereo,Part2,6_20260405_191203.wav,849.0,852.0,850.8776666666666,850.6276666666666,851.1276666666666,-0.0833333333333333,-4.0,349.0147924468201,190.98520755317992,"left,right",pheasant_results_sd2.csv,6,-1.92448,50.93973,2026-04-05 19:12:03+01:00,2026-04-05 19:12:03+01:00,2026-04-05_19:12:03,2026-04-05 19:26:13.877667+01:00,405402.6278269988,115590.16653383299,405405.43492317986,115592.39495217375,2026-04-05 19:26:13.877667+01:00,0,0.0833333333333333
Recorder 3 0304 - 1004,04-05-2026,19:12:03,1.92069W,50.94217N,100%,12C,45%,3_20260405_191203.wav,AGC,48kHz,stereo,Part2,3_20260405_191203.wav,1671.0,1674.0,1672.419875,1672.169875,1672.669875,0.0416666666666666,2.0,5.467307828287304,174.5326921717127,"left,right",pheasant_results_sd2.csv,3,-1.92069,50.94217,2026-04-05 19:12:03+01:00,2026-04-05 19:12:03+01:00,2026-04-05_19:12:03,2026-04-05 19:39:55.419875+01:00,405668.6320662362,115861.78730242923,405670.7350641857,115866.23779697344,2026-04-05 19:39:55.419875+01:00,0,0.0416666666666666
Recorder 6 - 0304 to 1004,04-06-2026,06:39:02,1.92448W,50.93973N,100%,-1C,96%,6_20260406_063902.wav,AGC,48kHz,stereo,Part1,6_20260406_063902.wav,243.0,246.0,243.36060416666663,243.11060416666663,243.61060416666663,0.4361979166666666,20.9375,85.89876061475425,94.10123938524576,"left,right",pheasant_results_sd2.csv,6,-1.92448,50.93973,2026-04-06 06:39:02+01:00,2026-04-06 06:39:02+01:00,2026-04-06_06:39:02,2026-04-06 06:43:05.360604+01:00,405402.6278269988,115590.16653383299,405405.43492317986,115592.39495217375,2026-04-06 06:43:05.360604+01:00,1,0.4361979166666666
Recorder 3 0304 - 1004,04-06-2026,06:39:02,1.92069W,50.94217N,100%,0C,91%,3_20260406_063902.wav,AGC,48kHz,stereo,Part1,3_20260406_063902.wav,453.0,456.0,453.8071458333333,453.5571458333333,454.0571458333333,-0.10546875,-5.0625,346.0442843123119,193.9557156876881,"left,right",pheasant_results_sd2.csv,3,-1.92069,50.94217,2026-04-06 06:39:02+01:00,2026-04-06 06:39:02+01:00,2026-04-06_06:39:02,2026-04-06 06:46:35.807146+01:00,405668.6320662362,115861.78730242923,405670.7350641857,115866.23779697344,2026-04-06 06:46:35.807146+01:00,1,0.10546875
Recorder 1 - 0304 to 1004,04-06-2026,06:39:02,1.91770W,50.94274N,100%,2C,92%,1_20260406_063902.wav,AGC,48kHz,stereo,Part1,1_20260406_063902.wav,1503.0,1506.0,1504.6739166666666,1504.4239166666666,1504.9239166666666,0.2083333333333333,10.0,28.449819023970527,151.55018097602948,"left,right",pheasant_results_sd2.csv,1,-1.9177,50.94274,2026-04-06 06:39:02+01:00,2026-04-06 06:39:02+01:00,2026-04-06_06:39:02,2026-04-06 07:04:06.673917+01:00,405878.6354975383,115925.40396812544,405877.2241577801,115930.96270176416,2026-04-06 07:04:06.673917+01:00,1,0.2083333333333333
Recorder 3 0304 - 1004,04-08-2026,18:42:02,1.92069W,50.94217N,100%,25C,51%,3_20260408_184202.wav,AGC,48kHz,stereo,Part1,3_20260408_184202.wav,453.0,456.0,455.57295833333336,455.32295833333336,455.82295833333336,0.4166666666666667,20.0,72.32192951701641,107.6780704829836,"left,right",pheasant_results_sd2.csv,3,-1.92069,50.94217,2026-04-08 18:42:02+01:00,2026-04-08 18:42:02+01:00,2026-04-08_18:42:02,2026-04-08 18:49:37.572958+01:00,405668.6320662362,115861.78730242923,405670.7350641857,115866.23779697344,2026-04-08 18:49:37.572958+01:00,2,0.4166666666666667
Recorder 5 - 0304 to 1004,04-08-2026,18:42:02,1.92338W,50.94177N,100%,24C,56%,5_20260408_184202.wav,AGC,48kHz,stereo,Part1,5_20260408_184202.wav,768.0,771.0,770.76325,770.51325,771.0,-0.3528645833333333,-16.9375,306.2074335173411,233.7925664826589,"left,right",pheasant_results_sd2.csv,5,-1.92338,50.94177,2026-04-08 18:42:02+01:00,2026-04-08 18:42:02+01:00,2026-04-08_18:42:02,2026-04-08 18:54:52.763250+01:00,405479.68183882686,115817.10592435815,405478.2778005708,115815.99241150077,2026-04-08 18:54:52.763250+01:00,2,0.3528645833333333
Recorder 6 - 0304 to 1004,04-08-2026,18:42:02,1.92448W,50.93973N,100%,22C,63%,6_20260408_184202.wav,AGC,48kHz,stereo,Part1,6_20260408_184202.wav,1200.0,1203.0,1200.655166666667,1200.405166666667,1200.905166666667,-0.3346354166666667,-16.0625,310.07524271999404,229.924757280006,"left,right",pheasant_results_sd2.csv,6,-1.92448,50.93973,2026-04-08 18:42:02+01:00,2026-04-08 18:42:02+01:00,2026-04-08_18:42:02,2026-04-08 19:02:02.655167+01:00,405402.6278269988,115590.16653383299,405405.43492317986,115592.39495217375,2026-04-08 19:02:02.655167+01:00,2,0.3346354166666667
Recorder 2 - 0304 to 1004,04-08-2026,18:42:02,1.91834W,50.94073N,100%,26C,51%,2_20260408_184202.wav,AGC,48kHz,stereo,Part1,2_20260408_184202.wav,1788.0,1791.0,1789.9551041666666,1789.7051041666666,1790.2051041666666,0.0403645833333333,1.9375,5.295958265121399,174.7040417348786,"left,right",pheasant_results_sd2.csv,2,-1.91834,50.94073,2026-04-08 18:42:02+01:00,2026-04-08 18:42:02+01:00,2026-04-08_18:42:02,2026-04-08 19:11:51.955104+01:00,405833.91696353175,115701.83032429396,405833.91696353175,115702.94238304385,2026-04-08 19:11:51.955104+01:00,2,0.0403645833333333
Recorder 2 - 0304 to 1004,04-10-2026,07:09:03,1.91834W,50.94073N,100%,3C,82%,2_20260410_070903.wav,AGC,48kHz,stereo,Part2,2_20260410_070903.wav,51.0,54.0,53.55835416666667,53.30835416666667,53.80835416666667,0.2486979166666666,11.9375,34.65887269097194,145.34112730902805,"left,right",pheasant_results_sd2.csv,2,-1.91834,50.94073,2026-04-10 07:09:03+01:00,2026-04-10 07:09:03+01:00,2026-04-10_07:09:03,2026-04-10 07:09:56.558354+01:00,405833.91696353175,115701.83032429396,405833.91696353175,115702.94238304385,2026-04-10 07:09:56.558354+01:00,3,0.2486979166666666
Recorder 3 0304 - 1004,04-10-2026,07:09:03,1.92069W,50.94217N,100%,3C,78%,3_20260410_070903.wav,AGC,48kHz,stereo,Part2,3_20260410_070903.wav,192.0,195.0,194.62654166666667,194.37654166666667,194.87654166666667,0.1640625,7.875000000000001,22.033970367999984,157.96602963200002,"left,right",pheasant_results_sd2.csv,3,-1.92069,50.94217,2026-04-10 07:09:03+01:00,2026-04-10 07:09:03+01:00,2026-04-10_07:09:03,2026-04-10 07:12:17.626542+01:00,405668.6320662362,115861.78730242923,405670.7350641857,115866.23779697344,2026-04-10 07:12:17.626542+01:00,3,0.1640625
Recorder 6 - 0304 to 1004,04-10-2026,07:09:03,1.92448W,50.93973N,100%,2C,87%,6_20260410_070903.wav,AGC,48kHz,stereo,Part2,6_20260410_070903.wav,405.0,408.0,407.09141666666665,406.84141666666665,407.34141666666665,0.2096354166666666,10.0625,28.64402351587954,151.35597648412045,"left,right",pheasant_results_sd2.csv,6,-1.92448,50.93973,2026-04-10 07:09:03+01:00,2026-04-10 07:09:03+01:00,2026-04-10_07:09:03,2026-04-10 07:15:50.091417+01:00,405402.6278269988,115590.16653383299,405405.43492317986,115592.39495217375,2026-04-10 07:15:50.091417+01:00,3,0.2096354166666666
Recorder 5 - 0304 to 1004,04-10-2026,07:09:03,1.92338W,50.94177N,100%,3C,81%,5_20260410_070903.wav,AGC,48kHz,stereo,Part2,5_20260410_070903.wav,1374.0,1377.0,1374.7278541666667,1374.4778541666667,1374.9778541666667,0.1263020833333333,6.0625,16.78677158463084,163.21322841536914,"left,right",pheasant_results_sd2.csv,5,-1.92338,50.94177,2026-04-10 07:09:03+01:00,2026-04-10 07:09:03+01:00,2026-04-10_07:09:03,2026-04-10 07:31:57.727854+01:00,405479.68183882686,115817.10592435815,405478.2778005708,115815.99241150077,2026-04-10 07:31:57.727854+01:00,3,0.1263020833333333
Recorder 2 - 1004 to 1704,04-12-2026,19:12:03,1.91835W,50.94075N,100%,14C,53%,2_20260412_191203.wav,AGC,48kHz,stereo,Part2,2_20260412_191203.wav,438.0,441.0,439.0971875,438.8471875,439.3471875,-0.0611979166666666,-2.9375,351.955669880539,188.044330119461,"left,right",pheasant_results_sd1.csv,2,-1.91835,50.94075,2026-04-12 19:12:03+01:00,2026-04-12 19:12:03+01:00,2026-04-12_19:12:03,2026-04-12 19:19:22.097188+01:00,405833.2119004521,115704.0536668098,405833.91696353175,115702.94238304385,2026-04-12 19:19:22.097188+01:00,4,0.0611979166666666
Recorder 1 - 1004 to 1704,04-12-2026,19:12:03,1.91772W,50.94279N,100%,15C,47%,1_20260412_191203.wav,AGC,48kHz,stereo,Part2,1_20260412_191203.wav,1332.0,1335.0,1334.6339375,1334.3839375,1334.8839375,0.4140625,19.875,71.23089896104412,108.76910103895588,"left,right",pheasant_results_sd1.csv,1,-1.91772,50.94279,2026-04-12 19:12:03+01:00,2026-04-12 19:12:03+01:00,2026-04-12_19:12:03,2026-04-12 19:34:17.633938+01:00,405877.2241577801,115930.96270176416,405877.2241577801,115930.96270176416,2026-04-12 19:34:17.633938+01:00,4,0.4140625
Recorder 6 - 1004 to 1704,04-12-2026,19:12:03,1.92444W,50.93976N,100%,11C,60%,6_20260412_191203.wav,AGC,48kHz,stereo,Part2,6_20260412_191203.wav,1749.0,1752.0,1750.0553958333333,1749.8053958333333,1750.3053958333333,0.375,18.0,59.03703129067228,120.96296870932773,"left,right",pheasant_results_sd3.csv,6,-1.92444,50.93976,2026-04-12 19:12:03+01:00,2026-04-12 19:12:03+01:00,2026-04-12_19:12:03,2026-04-12 19:41:13.055396+01:00,405405.43492317986,115593.50557667058,405405.43492317986,115592.39495217375,2026-04-12 19:41:13.055396+01:00,4,0.375
Recorder 3 - 1004 to 1704,04-14-2026,07:09:03,1.92066W,50.94221N,100%,5C,96%,3_20260414_070903.wav,AGC,48kHz,stereo,Part2,3_20260414_070903.wav,333.0,336.0,335.0595,334.8095,335.3095,0.20703125,9.9375,28.25597053916863,151.74402946083137,"left,right",pheasant_results_sd1.csv,3,-1.92066,50.94221,2026-04-14 07:09:03+01:00,2026-04-14 07:09:03+01:00,2026-04-14_07:09:03,2026-04-14 07:14:38.059500+01:00,405670.7350641857,115866.23779697344,405670.7350641857,115866.23779697344,2026-04-14 07:14:38.059500+01:00,5,0.20703125
Recorder 2 - 1004 to 1704,04-14-2026,07:09:03,1.91835W,50.94075N,100%,6C,98%,2_20260414_070903.wav,AGC,48kHz,stereo,Part2,2_20260414_070903.wav,489.0,492.0,490.8351666666667,490.5851666666667,491.0851666666667,0.3958333333333333,19.0,64.84199555654006,115.15800444345994,"left,right",pheasant_results_sd1.csv,2,-1.91835,50.94075,2026-04-14 07:09:03+01:00,2026-04-14 07:09:03+01:00,2026-04-14_07:09:03,2026-04-14 07:17:13.835167+01:00,405833.2119004521,115704.0536668098,405833.91696353175,115702.94238304385,2026-04-14 07:17:13.835167+01:00,5,0.3958333333333333
Recorder 6 - 1004 to 1704,04-14-2026,07:09:03,1.92444W,50.93976N,100%,5C,99%,6_20260414_070903.wav,AGC,48kHz,stereo,Part2,6_20260414_070903.wav,1245.0,1248.0,1246.61625,1246.36625,1246.86625,-0.25,-12.0,325.1334705496143,214.8665294503857,"left,right",pheasant_results_sd3.csv,6,-1.92444,50.93976,2026-04-14 07:09:03+01:00,2026-04-14 07:09:03+01:00,2026-04-14_07:09:03,2026-04-14 07:29:49.616250+01:00,405405.43492317986,115593.50557667058,405405.43492317986,115592.39495217375,2026-04-14 07:29:49.616250+01:00,5,0.25
Recorder 6 - 1004 to 1704,04-14-2026,19:12:03,1.92444W,50.93976N,100%,11C,94%,6_20260414_191203.wav,AGC,48kHz,stereo,Part2,6_20260414_191203.wav,432.0,435.0,432.87604166666665,432.62604166666665,433.12604166666665,-0.04296875,-2.0625,354.3612935470051,185.63870645299488,"left,right",pheasant_results_sd3.csv,6,-1.92444,50.93976,2026-04-14 19:12:03+01:00,2026-04-14 19:12:03+01:00,2026-04-14_19:12:03,2026-04-14 19:19:15.876042+01:00,405405.43492317986,115593.50557667058,405405.43492317986,115592.39495217375,2026-04-14 19:19:15.876042+01:00,6,0.04296875
Recorder 2 - 1004 to 1704,04-14-2026,19:12:03,1.91835W,50.94075N,100%,11C,95%,2_20260414_191203.wav,AGC,48kHz,stereo,Part2,2_20260414_191203.wav,435.0,438.0,435.68595833333336,435.43595833333336,435.93595833333336,0.4361979166666666,20.9375,85.89876061475425,94.10123938524576,"left,right",pheasant_results_sd1.csv,2,-1.91835,50.94075,2026-04-14 19:12:03+01:00,2026-04-14 19:12:03+01:00,2026-04-14_19:12:03,2026-04-14 19:19:18.685958+01:00,405833.2119004521,115704.0536668098,405833.91696353175,115702.94238304385,2026-04-14 19:19:18.685958+01:00,6,0.4361979166666666
Recorder 5 - 1004 to 1704,04-14-2026,19:12:03,1.92340W,50.94178N,100%,11C,95%,5_20260414_191203.wav,AGC,48kHz,stereo,Part2,5_20260414_191203.wav,1185.0,1188.0,1185.7488125,1185.4988125,1185.9988125,-0.2708333333333333,-13.0,321.73455982235123,218.2654401776488,"left,right",pheasant_results_sd1.csv,5,-1.9234,50.94178,2026-04-14 19:12:03+01:00,2026-04-14 19:12:03+01:00,2026-04-14_19:12:03,2026-04-14 19:31:48.748812+01:00,405478.27549968066,115818.21652945367,405478.2778005708,115815.99241150077,2026-04-14 19:31:48.748812+01:00,6,0.2708333333333333
Recorder 3 - 1704 to 2804,04-20-2026,18:42:02,1.92064W,50.94221N,100%,15C,50%,3_20260420_184202.wav,AGC,48kHz,stereo,Part1,3_20260420_184202.wav,594.0,597.0,595.2376041666666,594.9876041666666,595.4876041666666,0.3958333333333333,19.0,64.84199555654006,115.15800444345994,"left,right",pheasant_results_sd1.csv,3,-1.92064,50.94221,2026-04-20 18:42:02+01:00,2026-04-20 18:42:02+01:00,2026-04-20_18:42:02,2026-04-20 18:51:57.237604+01:00,405672.1402396055,115866.23930303214,405670.7350641857,115866.23779697344,2026-04-20 18:51:57.237604+01:00,7,0.3958333333333333
Recorder 5 - 1704 to 2804,04-20-2026,18:42:02,1.92340W,50.94176N,100%,15C,50%,5_20260420_184202.wav,AGC,48kHz,stereo,Part1,5_20260420_184202.wav,834.0,837.0,836.5083958333333,836.2583958333333,836.7583958333333,0.4361979166666666,20.9375,85.89876061475425,94.10123938524576,"left,right",pheasant_results_sd1.csv,5,-1.9234,50.94176,2026-04-20 18:42:02+01:00,2026-04-20 18:42:02+01:00,2026-04-20_18:42:02,2026-04-20 18:55:58.508396+01:00,405478.2778005708,115815.99241150077,405478.2778005708,115815.99241150077,2026-04-20 18:55:58.508396+01:00,7,0.4361979166666666
Recorder 2 - 1704 to 2804,04-20-2026,18:42:02,1.91834W,50.94074N,100%,17C,47%,2_20260420_184202.wav,AGC,48kHz,stereo,Part1,2_20260420_184202.wav,882.0,885.0,882.524375,882.274375,882.774375,0.3958333333333333,19.0,64.84199555654006,115.15800444345994,"left,right",pheasant_results_sd1.csv,2,-1.91834,50.94074,2026-04-20 18:42:02+01:00,2026-04-20 18:42:02+01:00,2026-04-20_18:42:02,2026-04-20 18:56:44.524375+01:00,405833.9157368448,115702.94238304385,405833.91696353175,115702.94238304385,2026-04-20 18:56:44.524375+01:00,7,0.3958333333333333
Recorder 1 - 1704 to 2804,04-22-2026,19:12:03,1.91779W,50.94273N,100%,16C,37%,1_20260422_191203.wav,AGC,48kHz,stereo,Part2,1_20260422_191203.wav,72.0,75.0,73.59535416666667,73.34535416666667,73.84535416666667,-0.2916666666666667,-14.000000000000002,318.1683286674247,221.83167133257527,"left,right",pheasant_results_sd1.csv,1,-1.91779,50.94273,2026-04-22 19:12:03+01:00,2026-04-22 19:12:03+01:00,2026-04-22_19:12:03,2026-04-22 19:13:16.595354+01:00,405872.313515143,115924.28488280502,405877.2241577801,115930.96270176416,2026-04-22 19:13:16.595354+01:00,8,0.2916666666666667
Recorder 3 - 1704 to 2804,04-22-2026,19:12:03,1.92064W,50.94221N,100%,17C,39%,3_20260422_191203.wav,AGC,48kHz,stereo,Part2,3_20260422_191203.wav,507.0,510.0,507.7561666666667,507.5061666666667,508.0061666666667,-0.0416666666666666,-2.0,354.5326921717127,185.4673078282873,"left,right",pheasant_results_sd1.csv,3,-1.92064,50.94221,2026-04-22 19:12:03+01:00,2026-04-22 19:12:03+01:00,2026-04-22_19:12:03,2026-04-22 19:20:30.756167+01:00,405672.1402396055,115866.23930303214,405670.7350641857,115866.23779697344,2026-04-22 19:20:30.756167+01:00,8,0.0416666666666666
Recorder 6 1704 to 2804,04-22-2026,19:12:03,1.92442W,50.93975N,100%,15C,43%,6_20260422_191203.wav,AGC,48kHz,stereo,Part2,6_20260422_191203.wav,1290.0,1293.0,1291.8808958333334,1291.6308958333334,1292.1308958333334,-0.1458333333333333,-7.000000000000001,340.5203386801996,199.47966131980044,"left,right",pheasant_results_sd3.csv,6,-1.92442,50.93975,2026-04-22 19:12:03+01:00,2026-04-22 19:12:03+01:00,2026-04-22_19:12:03,2026-04-22 19:33:34.880896+01:00,405406.8413075127,115592.39495217375,405405.43492317986,115592.39495217375,2026-04-22 19:33:34.880896+01:00,8,0.1458333333333333
Recorder 5 - 1704 to 2804,04-25-2026,19:12:03,1.92340W,50.94176N,100%,21C,32%,5_20260425_191203.wav,AGC,48kHz,stereo,Part2,5_20260425_191203.wav,261.0,264.0,263.39729166666666,263.14729166666666,263.64729166666666,0.4361979166666666,20.9375,85.89876061475425,94.10123938524576,"left,right",pheasant_results_sd1.csv,5,-1.9234,50.94176,2026-04-25 19:12:03+01:00,2026-04-25 19:12:03+01:00,2026-04-25_19:12:03,2026-04-25 19:16:26.397292+01:00,405478.2778005708,115815.99241150077,405478.2778005708,115815.99241150077,2026-04-25 19:16:26.397292+01:00,9,0.4361979166666666
Recorder 6 1704 to 2804,04-25-2026,19:12:03,1.92442W,50.93975N,100%,16C,41%,6_20260425_191203.wav,AGC,48kHz,stereo,Part2,6_20260425_191203.wav,369.0,372.0,369.5049375,369.2549375,369.7549375,0.3958333333333333,19.0,64.84199555654006,115.15800444345994,"left,right",pheasant_results_sd3.csv,6,-1.92442,50.93975,2026-04-25 19:12:03+01:00,2026-04-25 19:12:03+01:00,2026-04-25_19:12:03,2026-04-25 19:18:12.504937+01:00,405406.8413075127,115592.39495217375,405405.43492317986,115592.39495217375,2026-04-25 19:18:12.504937+01:00,9,0.3958333333333333
Recorder 3 - 1704 to 2804,04-25-2026,19:12:03,1.92064W,50.94221N,100%,22C,32%,3_20260425_191203.wav,AGC,48kHz,stereo,Part2,3_20260425_191203.wav,1152.0,1155.0,1153.8778958333332,1153.6278958333332,1154.1278958333332,0.3736979166666666,17.9375,58.707030274748746,121.29296972525124,"left,right",pheasant_results_sd1.csv,3,-1.92064,50.94221,2026-04-25 19:12:03+01:00,2026-04-25 19:12:03+01:00,2026-04-25_19:12:03,2026-04-25 19:31:16.877896+01:00,405672.1402396055,115866.23930303214,405670.7350641857,115866.23779697344,2026-04-25 19:31:16.877896+01:00,9,0.3736979166666666
